;7;8;9;10;11;12;19;20;21;22;23;24;13;14;15;16;17;18;1;2;3;4;5;6
;MA;MA;MA;MA;MA;MA;MA_MI;MA_MI;MA_MI;MA_MI;MA_MI;MA_MI;MI;MI;MI;MI;MI;MI;Teste;Teste;Teste;Teste;Teste;Teste
1,4-dihydroxypyrazine;0.1611456;0.12612483;0.128029252;0.059104067;NA;0.056563544;0.054887972;0.088545736;0.081593707;0.052486772;NA;0.134141548;0.143350567;0.053728047;0.075406825;0.089770762;0.054876671;0.128975677;NA;0.080481267;0.191055534;0.210960868;NA;NA
1-Monopalmitin;0.94027646;1.647805021;NA;NA;1.496023793;NA;0.671307098;2.816605601;1.879445765;2.522661998;4.971915363;1.875594323;NA;1.422016555;0.221875669;0.909052281;0.312822864;0.98492244;0.285431705;0.270447504;1.172661781;NA;1.048473031;4.530335801
2,2,4-Trimethyl-1,3-pentanediol diisobutyrate;NA;0.303513684;1.126911124;NA;NA;0.178042897;NA;NA;NA;NA;NA;NA;NA;NA;NA;NA;NA;NA;NA;NA;NA;NA;NA;NA
2,5-dimethoxy-Benzaldehyde;NA;1.102699691;1.300319672;3.473565005;0.321787112;3.786986816;1.588659354;2.798815794;NA;1.50534974;NA;1.597757503;2.828288801;0.877999138;1.159311615;NA;NA;1.161359618;NA;NA;NA;NA;NA;NA
2,7,10-Trimethyldodecane;NA;0.177473777;NA;0.092541255;NA;0.097067448;NA;0.118799968;NA;NA;0.149212666;0.096204048;NA;0.073224464;0.086277608;NA;NA;0.327178371;NA;NA;NA;NA;NA;NA
2-Butenedioic acid;1.157024061;0.77273944;0.806719583;1.02878179;0.949551923;1.333442496;1.004851592;1.258986268;2.452491681;0.613961546;1.438777156;1.504686432;4.574675486;1.227518898;3.400467755;2.233607069;1.195364709;2.420234496;3.181747763;0.833367858;1.609142923;1.860369922;3.457017236;1.610507317
2-Ethylhexanoic acid;9.659825725;21.09392625;28.22995591;19.31509236;29.29839528;21.46739763;11.67245288;19.4954746;27.15035415;8.139938931;16.16679941;18.51109534;17.59205526;7.84207003;9.691890134;7.4406436;20.83936865;14.29027638;18.79699242;10.90543773;7.826040821;14.75640711;12.3223736;27.15969677
2-Hydroxy-3-methylvaleric acid;NA;NA;NA;NA;NA;NA;NA;NA;NA;NA;NA;NA;NA;NA;NA;NA;NA;NA;NA;NA;0.043186352;0.079972732;NA;0.192455848
2-Ketoglutaric acid;1.193605701;2.455585438;2.494246538;12.76029986;0.652530415;14.09540056;1.680550073;5.392933163;NA;1.977994719;1.861667237;3.854574216;5.959010176;NA;0.804271219;1.017073756;0.686923561;0.73005729;2.733250326;1.849923504;2.898020792;7.947891337;2.350959744;NA
2-Mannobiose;0.095835545;NA;NA;0.200119099;NA;0.123417002;NA;NA;NA;NA;NA;NA;NA;NA;NA;NA;NA;NA;NA;NA;NA;NA;NA;NA
2-O-Glycerol-galactopyranoside;0.12317604;0.363168921;0.433507707;0.178114568;0.258222557;0.571632789;0.248038165;0.220755906;0.751146468;0.224470514;0.28026053;0.14060339;0.17692045;NA;0.146305875;0.388151727;0.399487267;0.145296787;0.145005996;0.159888058;NA;0.138208411;0.214017516;0.251907636
3-Amino-2-piperidone;0.306705529;0.251308629;0.344053603;0.237311057;0.717566451;0.121577249;0.355938503;0.302783094;0.722453544;0.30133439;0.500301586;0.48474214;0.249963836;0.436657728;0.612722558;0.340299014;0.364272845;0.686872166;NA;0.538364301;0.254752268;0.285844919;0.392114833;1.159910621
4,6-Dimethyldodecane;0.165871025;NA;0.100702364;NA;0.381716895;NA;NA;NA;NA;NA;NA;NA;NA;NA;NA;NA;NA;NA;NA;NA;NA;NA;NA;NA
4-Aminobutanoic acid;73.94135481;58.05826382;62.46644399;42.24853844;36.88473233;15.8894445;28.44775602;68.60113885;51.28587382;19.09012721;30.81474048;66.47249307;23.15420816;17.60357192;31.20479047;19.8679058;27.27686382;19.41898979;39.67509947;25.72930961;58.08212024;73.46040863;35.83029049;47.43171386
4-octylphenyl 4-octylbenzoate;NA;NA;NA;NA;NA;NA;0.144971751;0.259928364;NA;0.20762184;0.289713026;0.270945726;NA;NA;NA;NA;NA;NA;NA;NA;NA;NA;NA;NA
4-tert-Butylphenol;0.710640852;1.396634795;1.230543045;1.122800482;2.027896697;1.42147534;0.834243102;1.231724584;NA;NA;1.220078488;1.217663605;NA;NA;NA;NA;NA;NA;1.254939647;NA;NA;NA;0.849638487;1.690807168
5-Oxoproline;NA;NA;NA;NA;NA;NA;NA;NA;NA;NA;NA;NA;NA;NA;65.84619869;30.3666441;NA;41.74452896;NA;NA;NA;NA;NA;NA
6-Amino-7H-purin-8(9H)-one;NA;NA;NA;NA;NA;NA;NA;NA;NA;NA;NA;NA;1.15955091;NA;0.801930671;NA;0.248706029;NA;0.449268632;NA;0.38294181;0.779095116;0.446413836;NA
Alanine;NA;NA;NA;NA;NA;NA;NA;NA;NA;NA;NA;NA;NA;NA;NA;NA;NA;NA;NA;0.262495002;0.133060306;0.197679074;0.319379922;NA
Alanine, N-methyl-N-ethoxycarbonyl-, dodecyl ester;NA;NA;NA;NA;NA;NA;0.085308873;0.180192618;NA;NA;NA;0.144709982;NA;0.088124945;NA;0.098035426;0.116432377;0.2678281;NA;NA;NA;NA;NA;NA
Allofuranose;NA;NA;NA;NA;NA;NA;NA;NA;NA;NA;NA;NA;NA;NA;NA;NA;NA;NA;7.933059255;NA;NA;10.48152556;NA;1.980631908
Arabinopyranose;0.889135967;0.905432864;NA;1.516652487;NA;NA;1.083853261;1.884193965;NA;1.241763554;1.69941809;NA;NA;NA;NA;NA;NA;NA;NA;NA;NA;NA;NA;NA
Arbutin;NA;0.324956357;NA;0.370270742;NA;0.231593343;NA;NA;NA;NA;NA;NA;NA;NA;NA;NA;NA;NA;NA;NA;NA;NA;NA;NA
Asparagine;37.00409567;36.52554447;34.31309969;NA;55.58196958;NA;10.00815211;17.83578285;45.15267972;4.939052921;19.83508229;38.74495668;NA;32.9985705;22.91166958;7.714302298;23.77520738;NA;10.04123841;NA;16.28214658;NA;8.903642582;135.1871228
Benzoic Acid;0.157926044;0.176204385;0.166272141;NA;0.30283431;NA;0.160397077;0.236576988;0.332144642;0.220317469;0.247222772;0.157884367;0.181103487;0.166935073;0.187180358;0.169181933;0.142689062;0.342095102;0.388077365;0.403452146;0.151579261;0.255332013;0.238236901;0.440536006
Benzyl alcohol;0.150186584;0.077391852;0.094225499;0.169161373;0.320778156;0.133712004;0.19496079;0.305769452;0.349049394;0.175226234;0.293528874;0.331198543;0.475813742;0.162351716;0.243010404;0.25256339;0.139521669;0.278553973;0.570971709;0.376525228;0.113185678;0.331897712;0.144951897;0.382905873
benzyl-glucopyranoside;NA;NA;NA;NA;NA;NA;NA;NA;NA;NA;NA;NA;1.134480872;NA;0.817222288;NA;NA;1.378541305;NA;NA;NA;NA;NA;NA
Bisphenol A monomethyl ether;NA;NA;NA;NA;NA;NA;NA;NA;NA;NA;NA;NA;37.76070849;180.6405025;120.2434333;194.1874857;169.1376496;170.6621239;NA;NA;NA;NA;NA;NA
Cellobiose;NA;0.709133755;0.265320183;NA;0.736900148;NA;NA;NA;NA;NA;NA;NA;NA;NA;NA;NA;NA;NA;NA;NA;NA;NA;NA;NA
Diethylene glycol;NA;NA;NA;NA;NA;NA;0.250520283;NA;0.572782219;NA;0.187938317;0.242862265;0.286302259;NA;0.144596758;NA;0.294365553;NA;NA;NA;NA;NA;NA;NA
Dopamine;0.417219894;0.176921837;NA;NA;0.745967453;NA;NA;NA;NA;NA;NA;NA;NA;NA;NA;NA;NA;NA;NA;NA;NA;NA;NA;NA
Erythronic acid;2.627784059;1.956103162;2.413951601;2.07259035;2.262647227;1.819271265;2.780431857;3.844052749;2.872018092;2.012655686;2.642339032;4.836404491;5.303148887;0.608722787;4.59977655;2.686917373;2.961454056;3.407892597;3.197938767;1.329628332;2.863933;3.742000751;4.638949876;1.11322257
Ethanolamine;18.56105928;20.00218411;18.38014875;25.50038585;21.49139562;12.46791332;26.95838513;19.90175458;44.77263032;21.08315709;37.30445338;18.71522945;23.80417131;21.52398325;34.19721686;23.95711779;24.02729167;34.52696864;19.72436566;26.58337675;14.21044165;24.85518871;11.27736467;52.30250256
Ethyl-glucopyranoside;0.81776545;0.805068593;0.693263168;1.122981875;0.744840715;0.761083267;0.838395293;0.935928881;1.262623771;0.806769442;1.300871111;0.846806741;0.563060716;0.554105384;0.709834027;0.609680319;0.551792091;0.658650629;1.306938074;1.089286835;0.594711429;1.438769238;0.387872168;1.387610784
Fructofuranose;121.1971448;145.3475129;57.12307837;286.320054;59.18300597;139.4215687;286.9665191;100.9681948;57.19544599;225.1272811;252.2393334;162.3214161;86.5721608;18.89594242;57.34460539;60.11636413;39.11220864;NA;66.4391547;109.8642858;58.30873317;125.2384213;195.470551;78.97038992
Fructopyranose;38.1111488;33.56966853;36.43781253;76.44682417;27.81903631;57.27577195;59.42215778;60.89736589;23.76783831;47.88028075;41.72114033;36.11390154;33.5737668;3.663856069;20.23677154;39.14241679;24.99150069;18.60983401;45.11253629;20.7018818;32.21379338;47.49915646;30.75421392;19.76107089
Galactaric acid;NA;NA;NA;NA;NA;NA;1.211605636;1.743917843;2.78868982;NA;1.664821039;1.88098512;1.871176281;0.916635016;2.52194366;1.718298607;1.514312908;2.505211617;NA;NA;NA;NA;NA;NA
Galactinol;7.568173699;7.401828312;11.85637443;13.89688073;2.109880965;8.490758768;8.615524155;8.810323348;2.125098978;5.831036228;3.362991802;5.034035492;12.11416211;1.344824752;3.123423961;2.167853167;2.581057824;1.711882543;7.970956309;1.497851902;9.515135705;13.38848145;1.526177641;8.408726754
Galactitol;NA;NA;NA;NA;NA;NA;0.932344223;0.37021606;NA;0.904621018;0.468373093;NA;NA;0.850051297;0.917841609;0.796949371;0.759069878;0.502619328;NA;NA;NA;NA;NA;NA
Galactonic acid;8.101039622;3.32903967;8.980364235;2.695233372;5.612198817;1.592973051;10.24352284;6.086234657;8.090398773;4.244171071;8.867104909;6.010220736;10.00834534;5.541236547;11.65203546;7.49654791;9.878104338;9.083651406;7.372774247;3.862204124;6.486537987;4.58343897;2.753234027;8.743513821
Galactopyranose;14.499888;3.12799626;9.141888582;NA;NA;NA;5.428042519;5.068583008;NA;2.49098728;NA;2.933685275;NA;NA;NA;NA;NA;NA;NA;NA;NA;NA;NA;NA
Galacturonic acid;7.66008379;7.389448015;7.9302951;10.33891985;7.535570314;7.783842834;6.2951376;9.692980629;10.26274948;7.250499271;11.43047951;7.074741637;5.773030506;4.514474115;4.69105558;5.516577006;4.519106454;11.10363516;7.854685939;11.68284626;6.018379828;8.11945416;3.825037904;14.01313396
Glucitol;1.811602074;1.641794859;1.839686407;2.494279191;7.419114543;1.771520475;1.640505563;3.128960777;3.170329778;1.820815166;2.667052535;2.487268836;1.668044467;1.36907252;1.382226711;1.442211537;1.187856966;2.885623618;2.747115947;2.643471479;1.298587861;2.508208435;3.457214458;3.282995105
Gluconic acid;23.46465071;12.33107547;17.69635008;15.51839226;17.02616835;11.86568172;23.39446144;22.22067984;23.8195498;12.11381764;24.09224035;26.33806452;25.60328002;11.66775486;21.28058726;16.69451478;17.12323119;16.44384306;22.80318644;16.81496366;17.11380376;19.92970237;18.01654969;18.67015519
Glucopyranose;42.96439314;NA;60.21408423;NA;81.92741994;143.5307956;NA;NA;71.51611332;155.2094401;NA;99.37788193;NA;13.31646561;65.17803352;NA;80.68613775;NA;276.9045851;57.17837178;NA;NA;NA;42.96533855
Glucose;112.4736509;90.77238396;101.7093267;182.447614;70.43242956;146.8435745;NA;87.38384227;68.50156414;NA;95.2727136;95.88606817;129.8384477;11.54849306;NA;108.8996712;71.24335373;42.5904494;NA;49.51236606;93.22066751;145.0588113;89.79645195;NA
Glucose-6-Phosphate;NA;2.701002769;2.853410919;NA;2.940863416;2.007219967;3.938167124;4.445045413;4.727034744;3.000471457;4.342134509;4.001147461;NA;1.511257697;3.360470012;3.29867783;2.863393537;2.560044972;2.401037093;NA;1.607610583;3.397994391;1.91024924;NA
Glutamic acid;4.62917841;3.573842996;2.745595136;NA;5.290019162;0.856351296;2.976638028;4.445594233;NA;NA;4.046701186;5.780217151;3.649823234;3.038333233;8.386938391;3.153657481;4.025704833;NA;3.983242045;3.448010774;3.260376028;3.545080867;3.520362828;5.872819791
Glyceric acid;5.382940116;5.881399369;6.590072848;7.235283001;4.749479809;4.794562783;4.273617275;6.695582597;5.453013938;3.536193529;6.584197143;10.32470142;6.753342575;1.674174123;5.603292925;4.854625323;4.135787662;5.084158658;7.997402038;4.333821373;7.165361696;8.670763426;6.82158279;3.034101763
Glyceryl-glycoside;NA;NA;NA;NA;NA;NA;0.407949787;0.400265563;NA;NA;0.31462047;NA;NA;NA;NA;NA;NA;NA;NA;NA;NA;NA;NA;NA
Inositol;23.62336607;46.61622085;49.14002362;40.00179794;15.30331217;32.43636292;46.85640614;76.16886298;16.11952871;29.59596664;15.89318152;46.49393413;59.74373287;7.78499669;22.25238786;23.2418867;17.83364069;15.33577068;43.37525698;12.88555588;19.06501421;71.50888391;24.35703484;52.44768806
Inositol-1- phosphate;4.266539256;2.964270312;3.708276842;2.726737831;4.241159644;1.404641181;2.850170804;3.064762162;5.47089627;2.340246496;4.277660402;3.342787469;3.315899829;2.900212442;2.093929561;2.45773546;2.387312972;3.642424923;2.756346343;3.167380175;3.26008983;2.217751787;1.290914828;6.016858956
Isoleucine;11.39165801;6.342724146;8.927549495;3.924608017;8.52594456;1.926239704;7.802822435;9.555884967;9.047447879;3.549539868;9.403092095;8.060828801;5.903984522;9.797222168;19.06969019;5.033343484;9.22535148;10.34324839;5.185535285;3.23409634;7.751924769;7.532150358;4.000646243;34.47419377
Leucine;6.3491356;5.450537415;6.161413432;3.837957006;5.804049666;NA;4.556985904;7.877432784;6.960504086;NA;6.381210296;6.561711181;NA;5.643382584;9.093909892;3.865839504;5.961831448;6.74740726;3.602818546;3.05943031;6.515580456;7.775476877;4.40250646;13.60607409
Malic acid;37.19807779;51.92863373;NA;NA;92.40670089;NA;45.94816032;106.7269882;58.78551428;28.90574779;59.00142022;NA;104.5666444;49.1977314;77.72440258;75.3282569;59.62798461;61.97594695;112.6519301;49.54618185;NA;NA;NA;17.68097218
Malonic acid;NA;NA;NA;NA;NA;NA;NA;NA;0.487463944;NA;0.403995514;0.360910574;NA;NA;NA;NA;NA;NA;NA;NA;NA;NA;NA;NA
Maltose;0.772220377;0.435155861;0.615893975;0.514129958;NA;0.350265143;0.650481549;0.487999783;NA;0.617971863;NA;NA;3.141264193;0.377975229;0.510502585;NA;0.458860693;NA;NA;NA;NA;NA;NA;NA
Mannitol;14.87304683;14.35611691;11.5188688;23.00931941;65.17616999;14.61175199;6.604407201;35.62904867;28.34287363;10.62247643;19.50460772;28.1657228;13.58900263;7.3472985;11.84839704;9.299781274;8.043415939;58.91006673;29.72825994;16.28055198;10.95413955;14.90248395;67.23344092;28.3700526
Mannose;NA;NA;5.807954131;89.42310779;NA;5.866107231;NA;NA;NA;NA;NA;NA;NA;NA;NA;NA;NA;NA;NA;NA;NA;NA;NA;NA
Mannose 6-phosphate;7.625992059;5.226049854;5.856693723;6.729570869;5.862586893;4.046558292;10.55678002;11.76485515;9.754786188;6.069889516;8.527115243;8.620061033;9.099470179;2.545460676;10.96144648;9.174523589;8.152450272;4.941163044;4.849750355;3.6044537;8.356568766;6.752160811;4.129829823;4.517278032
Melibiose;1.21756647;0.267038036;2.579387377;1.850269586;NA;1.121302337;0.901983568;1.541431063;NA;1.0061881;1.698859233;0.979532002;4.535874051;NA;2.106355412;0.959446132;2.00423072;0.451795661;0.305541084;0.978274179;NA;3.055659163;NA;1.241172877
Niacin;3.737787619;2.169222848;3.826427889;2.222551478;2.192921358;0.908393435;3.481769115;4.436017018;3.305415407;1.793002867;2.434348228;3.285651469;2.63690242;2.033537868;3.796072353;1.893814362;2.459943469;2.633567136;2.603037515;2.836665295;4.221189853;3.195571143;1.258986129;4.303948649
Normetadrenaline;NA;NA;NA;NA;NA;NA;0.87904845;NA;0.993067928;NA;0.832793256;1.118213954;0.729445945;NA;1.073564717;0.400099014;0.374480738;NA;NA;NA;NA;NA;NA;NA
Octopamine;10.4915335;4.576861548;NA;NA;13.68601079;NA;NA;NA;NA;NA;NA;NA;NA;NA;NA;NA;NA;NA;NA;NA;NA;NA;NA;NA
Phenylalanine;2.439102803;1.758888715;1.630089176;1.896589258;1.802173358;1.141350534;2.296837462;2.544304594;2.522894754;1.478902111;2.166392098;2.40049925;1.933071336;1.471251762;4.088680442;1.765432089;2.284386925;2.636698712;1.79363045;1.241282782;2.130656987;2.776766994;1.390155604;2.468912143
Phosphoric acid, bis(trimethylsilyl)monomethyl ester;NA;NA;NA;NA;NA;NA;NA;NA;4.789123152;1.730551911;2.149536872;2.570611421;NA;NA;NA;2.245357904;2.138633569;2.575047178;NA;NA;NA;NA;NA;NA
Phthalic acid, di(2-propylpentyl) ester;0.295039457;NA;0.382385879;0.470860919;NA;0.324467086;0.40092076;0.457595499;0.812546962;0.401967145;0.422683601;0.309547643;0.282707272;0.283801427;0.303196663;0.259118011;0.233527575;0.535956422;0.571095154;0.554535471;0.222122922;NA;NA;NA
Phthalic acid, diisobutyl ester;1.744257499;2.525093734;2.794906154;3.62669489;4.800133402;2.657916447;3.413494584;NA;5.025416782;3.502920633;2.460763176;1.667783368;3.28229164;1.242076904;1.982440513;2.348058541;1.90957471;5.326506914;3.593756905;3.197195414;1.941905109;3.482772167;3.458642515;1.861417413
Proline;23.00410346;15.2989274;21.1142981;9.511069402;10.24638135;3.658988148;29.91982801;14.2668493;17.47591073;12.70973743;18.34549141;17.19213245;19.61321481;7.883526708;25.48929125;13.12117966;23.92353842;20.24194645;8.825117141;10.60819407;17.7678248;16.09272784;6.775761492;71.9592099
Putrescine;4.562316169;4.064728557;2.923148496;3.320633096;6.573236956;2.179087826;9.851778117;5.502966012;12.77133863;9.529519123;11.81262136;6.803149496;8.221659647;3.364741795;17.82463847;7.544406694;6.297973303;6.542194238;2.207220986;5.141952943;NA;3.158320617;NA;NA
Pyroglutamic acid;NA;NA;NA;NA;NA;NA;NA;NA;NA;NA;NA;NA;NA;NA;NA;NA;NA;NA;34.31734472;27.31513071;NA;NA;30.41347371;NA
Quininic acid;NA;NA;NA;NA;NA;NA;18.78218387;16.29541679;9.672325509;NA;13.55432377;NA;23.97357847;NA;9.21895292;8.018827484;NA;NA;NA;10.70765386;NA;19.78169257;5.648627258;NA
Ribose;NA;NA;0.917586085;NA;0.984282287;1.203093247;NA;NA;NA;NA;NA;NA;1.181481824;0.603114277;1.327987928;NA;0.751897274;1.148496502;1.205975173;0.862872295;0.774901109;1.546038548;NA;1.14689024
Serine;15.28314593;15.12792325;16.39465972;6.760569082;12.49405311;3.33371096;7.966413584;14.86361924;15.61785061;5.295157568;8.762708933;16.24061324;9.127550491;8.824192298;14.49819008;8.475828965;8.490388397;11.66909246;11.14932163;11.78557772;15.83292428;17.34305672;9.008688692;19.98390855
Sucrose;70.82192892;177.7490118;135.6724672;NA;167.199315;218.8066456;195.611948;101.2343553;NA;162.276625;133.3400622;87.23691498;223.7380604;74.21171273;174.0836879;NA;130.7957029;117.2040066;102.1091062;80.84728682;181.4816748;130.026207;NA;120.5286258
Talofuranose;8.191149719;NA;NA;24.68817279;4.428519349;19.44743715;18.64968764;14.38365781;NA;14.20619405;NA;6.514944089;18.86869819;1.247946149;4.147453876;8.824515482;5.45262386;3.148879575;NA;3.205928062;6.593887697;NA;4.479123506;2.679480546
Talopyranose;NA;NA;NA;NA;NA;NA;NA;NA;NA;NA;NA;NA;NA;1.798507744;NA;1.361249097;NA;1.561616078;NA;NA;NA;NA;NA;NA
Threonine;8.10416;5.334527286;7.314959491;2.164548874;5.556670476;0.820003211;4.813239236;5.670168391;6.335758119;2.169389651;5.360816007;6.362153905;2.798929582;5.016040247;9.719009009;3.076054846;6.362235945;6.180881047;4.149261425;2.904807808;6.63539356;5.581567914;3.580855289;20.62930223
Trehalose;4.99643862;NA;3.842835355;6.83734175;18.05342548;54.71233099;14.3840079;21.40696479;NA;11.50789154;11.50546952;18.30783382;NA;NA;9.61595612;6.491543809;8.177127314;24.6918903;5.639159591;7.493028435;3.466858345;4.360867682;7.528888852;NA
Tropine;1.906638507;0.674604752;NA;0.760452964;1.372236231;NA;6.880484706;4.772028927;5.281167778;3.793212878;3.853239546;2.258150232;4.178311412;1.472329599;6.634067462;3.691775561;4.102657181;3.542128812;1.823658095;NA;1.297509121;3.862180289;NA;2.162047727
Tryptophan;NA;0.409982767;1.030144404;NA;0.516467008;NA;NA;NA;NA;NA;NA;NA;NA;0.162812252;0.354166661;NA;0.210587974;NA;NA;NA;NA;NA;NA;NA
Tyrosine;1.259045656;0.926241973;1.157406144;1.033936501;1.278789044;0.60716288;2.004026183;2.288020218;1.390213361;1.18150101;1.696410612;2.039977775;1.931425355;0.983133741;3.327356974;0.877981055;1.941741795;2.222832363;0.924827184;0.632998501;1.04296367;1.311743008;0.883033157;2.7903263
Uridine;NA;NA;NA;NA;NA;NA;0.939692009;2.053837625;2.243824423;1.064411223;1.992595779;1.926848609;1.116932977;1.029510017;1.007307798;0.667659866;0.867890949;1.439666798;NA;NA;0.595640065;0.802658823;NA;1.91091889
Valine;6.244657348;5.987072019;6.140499509;4.099550574;7.367241514;2.255193386;5.201356528;10.16158173;10.12812201;4.06237944;7.597881363;9.056376047;4.046512503;5.603559241;12.96119634;4.724727162;7.741314172;10.49044215;4.104249596;3.781787314;5.598685433;7.224193782;5.522510261;11.48527774
Xylose;6.289902376;1.348188792;2.676186968;7.963560337;4.889266625;1.201368364;8.070702571;8.916894142;7.308348454;6.890525701;8.597266409;2.21655609;8.65240353;3.977663506;3.85371071;3.198197359;2.596499499;5.096703999;4.649414751;3.66141584;4.098657352;1.539265852;5.302810602;7.27943076
